PassengerId,Survived,Pclass,Age,SibSp,Parch,Fare,Sex_female,Sex_male,Embarked_C,Embarked_Q,Embarked_S
1,0.0,1.0,0.375,0.2,0.0,0.11153846153846154,0.0,1.0,0.0,0.0,1.0
3,1.0,1.0,0.4583333333333333,0.0,0.0,0.12192307692307693,1.0,0.0,0.0,0.0,1.0
4,1.0,0.0,0.6458333333333334,0.2,0.0,0.816923076923077,1.0,0.0,0.0,0.0,1.0
5,0.0,1.0,0.6458333333333334,0.0,0.0,0.12384615384615386,0.0,1.0,0.0,0.0,1.0
6,0.0,1.0,0.5353982843137254,0.0,0.0,0.1301276923076923,0.0,1.0,0.0,1.0,0.0
9,1.0,1.0,0.4791666666666667,0.0,0.3333333333333333,0.17128153846153846,1.0,0.0,0.0,0.0,1.0
10,1.0,0.5,0.20833333333333334,0.2,0.0,0.4626276923076923,1.0,0.0,1.0,0.0,0.0
11,1.0,1.0,0.0,0.2,0.16666666666666666,0.2569230769230769,1.0,0.0,0.0,0.0,1.0
13,0.0,1.0,0.3333333333333333,0.0,0.0,0.12384615384615386,0.0,1.0,0.0,0.0,1.0
14,0.0,1.0,0.7291666666666666,0.2,0.8333333333333334,0.48115384615384615,0.0,1.0,0.0,0.0,1.0
15,0.0,1.0,0.20833333333333334,0.0,0.0,0.12083384615384615,1.0,0.0,0.0,0.0,1.0
18,1.0,0.5,0.5353982843137254,0.0,0.0,0.2,0.0,1.0,0.0,0.0,1.0
19,0.0,1.0,0.5625,0.2,0.0,0.27692307692307694,1.0,0.0,0.0,0.0,1.0
20,1.0,1.0,0.5353982843137254,0.0,0.0,0.11115384615384614,1.0,0.0,1.0,0.0,0.0
21,0.0,0.5,0.6458333333333334,0.0,0.0,0.4,0.0,1.0,0.0,0.0,1.0
22,1.0,0.5,0.625,0.0,0.0,0.2,0.0,1.0,0.0,0.0,1.0
23,1.0,1.0,0.22916666666666666,0.0,0.0,0.12352615384615384,1.0,0.0,0.0,1.0,0.0
24,1.0,0.0,0.5,0.0,0.0,0.5461538461538461,0.0,1.0,0.0,0.0,1.0
25,0.0,1.0,0.08333333333333333,0.6,0.16666666666666666,0.3242307692307692,1.0,0.0,0.0,0.0,1.0
26,1.0,1.0,0.7083333333333334,0.2,0.8333333333333334,0.48288461538461536,1.0,0.0,0.0,0.0,1.0
27,0.0,1.0,0.5353982843137254,0.0,0.0,0.11115384615384614,0.0,1.0,1.0,0.0,0.0
29,1.0,1.0,0.5353982843137254,0.0,0.0,0.12121846153846154,1.0,0.0,0.0,1.0,0.0
30,0.0,1.0,0.5353982843137254,0.0,0.0,0.12147384615384615,0.0,1.0,0.0,0.0,1.0
31,0.0,0.0,0.75,0.0,0.0,0.42647384615384615,0.0,1.0,1.0,0.0,0.0
33,1.0,1.0,0.5353982843137254,0.0,0.0,0.11923076923076924,1.0,0.0,0.0,1.0,0.0
36,0.0,0.0,0.7916666666666666,0.2,0.0,0.8,0.0,1.0,0.0,0.0,1.0
37,1.0,1.0,0.5353982843137254,0.0,0.0,0.11121846153846153,0.0,1.0,1.0,0.0,0.0
38,0.0,1.0,0.3541666666666667,0.0,0.0,0.12384615384615386,0.0,1.0,0.0,0.0,1.0
39,0.0,1.0,0.2916666666666667,0.4,0.0,0.27692307692307694,1.0,0.0,0.0,0.0,1.0
40,1.0,1.0,0.20833333333333334,0.2,0.0,0.17294923076923077,1.0,0.0,1.0,0.0,0.0
41,0.0,1.0,0.75,0.2,0.0,0.14576923076923076,1.0,0.0,0.0,0.0,1.0
42,0.0,0.5,0.4791666666666667,0.2,0.0,0.3230769230769231,1.0,0.0,0.0,0.0,1.0
43,0.0,1.0,0.5353982843137254,0.0,0.0,0.12147384615384615,0.0,1.0,1.0,0.0,0.0
45,1.0,1.0,0.3125,0.0,0.0,0.12121846153846154,1.0,0.0,0.0,1.0,0.0
46,0.0,1.0,0.5353982843137254,0.0,0.0,0.12384615384615386,0.0,1.0,0.0,0.0,1.0
47,0.0,1.0,0.5353982843137254,0.2,0.0,0.23846153846153847,0.0,1.0,0.0,1.0,0.0
48,1.0,1.0,0.5353982843137254,0.0,0.0,0.11923076923076924,1.0,0.0,0.0,1.0,0.0
49,0.0,1.0,0.5353982843137254,0.4,0.0,0.33352615384615386,0.0,1.0,1.0,0.0,0.0
50,0.0,1.0,0.2916666666666667,0.2,0.0,0.27384615384615385,1.0,0.0,0.0,0.0,1.0
51,0.0,1.0,0.0625,0.8,0.16666666666666666,0.6105769230769231,0.0,1.0,0.0,0.0,1.0
52,0.0,1.0,0.3541666666666667,0.0,0.0,0.12,0.0,1.0,0.0,0.0,1.0
54,1.0,0.5,0.5208333333333334,0.2,0.0,0.4,1.0,0.0,0.0,0.0,1.0
56,1.0,0.0,0.5353982843137254,0.0,0.0,0.5461538461538461,0.0,1.0,0.0,0.0,1.0
57,1.0,0.5,0.3541666666666667,0.0,0.0,0.16153846153846155,1.0,0.0,0.0,0.0,1.0
58,0.0,1.0,0.5104166666666666,0.0,0.0,0.11121846153846153,0.0,1.0,1.0,0.0,0.0
59,1.0,0.5,0.020833333333333332,0.2,0.3333333333333333,0.4269230769230769,1.0,0.0,0.0,0.0,1.0
60,0.0,1.0,0.14583333333333334,1.0,0.3333333333333333,0.7215384615384615,0.0,1.0,0.0,0.0,1.0
61,0.0,1.0,0.375,0.0,0.0,0.11121846153846153,0.0,1.0,1.0,0.0,0.0
64,0.0,1.0,0.0,0.6,0.3333333333333333,0.4292307692307692,0.0,1.0,0.0,0.0,1.0
65,0.0,0.0,0.5353982843137254,0.0,0.0,0.42647384615384615,0.0,1.0,1.0,0.0,0.0
66,1.0,1.0,0.5353982843137254,0.2,0.16666666666666666,0.23455076923076923,0.0,1.0,1.0,0.0,0.0
67,1.0,0.5,0.5208333333333334,0.0,0.0,0.16153846153846155,1.0,0.0,0.0,0.0,1.0
68,0.0,1.0,0.3125,0.0,0.0,0.1255123076923077,0.0,1.0,0.0,0.0,1.0
69,1.0,1.0,0.2708333333333333,0.8,0.3333333333333333,0.12192307692307693,1.0,0.0,0.0,0.0,1.0
70,0.0,1.0,0.4583333333333333,0.4,0.0,0.13326923076923075,0.0,1.0,0.0,0.0,1.0
71,0.0,0.5,0.5833333333333334,0.0,0.0,0.16153846153846155,0.0,1.0,0.0,0.0,1.0
72,0.0,1.0,0.25,1.0,0.3333333333333333,0.7215384615384615,1.0,0.0,0.0,0.0,1.0
74,0.0,1.0,0.4583333333333333,0.2,0.0,0.2223723076923077,0.0,1.0,1.0,0.0,0.0
75,1.0,1.0,0.5833333333333334,0.0,0.0,0.8691661538461539,0.0,1.0,0.0,0.0,1.0
76,0.0,1.0,0.4375,0.0,0.0,0.1176923076923077,0.0,1.0,0.0,0.0,1.0
77,0.0,1.0,0.5353982843137254,0.0,0.0,0.12147384615384615,0.0,1.0,0.0,0.0,1.0
78,0.0,1.0,0.5353982843137254,0.0,0.0,0.12384615384615386,0.0,1.0,0.0,0.0,1.0
80,1.0,1.0,0.5416666666666666,0.0,0.0,0.19192307692307692,1.0,0.0,0.0,0.0,1.0
81,0.0,1.0,0.375,0.0,0.0,0.13846153846153847,0.0,1.0,0.0,0.0,1.0
82,1.0,1.0,0.5208333333333334,0.0,0.0,0.14615384615384616,0.0,1.0,0.0,0.0,1.0
83,1.0,1.0,0.5353982843137254,0.0,0.0,0.1198076923076923,1.0,0.0,0.0,1.0,0.0
84,0.0,0.0,0.5,0.0,0.0,0.7246153846153847,0.0,1.0,0.0,0.0,1.0
85,1.0,0.5,0.2708333333333333,0.0,0.0,0.16153846153846155,1.0,0.0,0.0,0.0,1.0
86,1.0,1.0,0.6041666666666666,0.6,0.0,0.24384615384615385,1.0,0.0,0.0,0.0,1.0
87,0.0,1.0,0.25,0.2,0.5,0.5288461538461539,0.0,1.0,0.0,0.0,1.0
88,0.0,1.0,0.5353982843137254,0.0,0.0,0.12384615384615386,0.0,1.0,0.0,0.0,1.0
90,0.0,1.0,0.4166666666666667,0.0,0.0,0.12384615384615386,0.0,1.0,0.0,0.0,1.0
91,0.0,1.0,0.5208333333333334,0.0,0.0,0.12384615384615386,0.0,1.0,0.0,0.0,1.0
92,0.0,1.0,0.3333333333333333,0.0,0.0,0.12083384615384615,0.0,1.0,0.0,0.0,1.0
93,0.0,0.0,0.875,0.2,0.0,0.9411538461538461,0.0,1.0,0.0,0.0,1.0
94,0.0,1.0,0.4583333333333333,0.2,0.3333333333333333,0.31653846153846155,0.0,1.0,0.0,0.0,1.0
96,0.0,1.0,0.5353982843137254,0.0,0.0,0.12384615384615386,0.0,1.0,0.0,0.0,1.0
98,1.0,0.0,0.3958333333333333,0.0,0.16666666666666666,0.9747430769230769,0.0,1.0,1.0,0.0,0.0
99,1.0,0.5,0.625,0.0,0.16666666666666666,0.35384615384615387,1.0,0.0,0.0,0.0,1.0
100,0.0,0.5,0.625,0.2,0.0,0.4,0.0,1.0,0.0,0.0,1.0
101,0.0,1.0,0.5,0.0,0.0,0.12147384615384615,1.0,0.0,0.0,0.0,1.0
102,0.0,1.0,0.5353982843137254,0.0,0.0,0.12147384615384615,0.0,1.0,0.0,0.0,1.0
104,0.0,1.0,0.6041666666666666,0.0,0.0,0.13314153846153845,0.0,1.0,0.0,0.0,1.0
105,0.0,1.0,0.6875,0.4,0.0,0.12192307692307693,0.0,1.0,0.0,0.0,1.0
106,0.0,1.0,0.5,0.0,0.0,0.12147384615384615,0.0,1.0,0.0,0.0,1.0
107,1.0,1.0,0.3541666666666667,0.0,0.0,0.1176923076923077,1.0,0.0,0.0,0.0,1.0
108,1.0,1.0,0.5353982843137254,0.0,0.0,0.11961538461538462,0.0,1.0,0.0,0.0,1.0
109,0.0,1.0,0.7083333333333334,0.0,0.0,0.12147384615384615,0.0,1.0,0.0,0.0,1.0
110,1.0,1.0,0.5353982843137254,0.2,0.0,0.37153846153846154,1.0,0.0,0.0,1.0,0.0
111,0.0,0.0,0.8958333333333334,0.0,0.0,0.8,0.0,1.0,0.0,0.0,1.0
112,0.0,1.0,0.21875,0.2,0.0,0.2223723076923077,1.0,0.0,1.0,0.0,0.0
113,0.0,1.0,0.375,0.0,0.0,0.12384615384615386,0.0,1.0,0.0,0.0,1.0
114,0.0,1.0,0.3333333333333333,0.2,0.0,0.15115384615384614,1.0,0.0,0.0,0.0,1.0
115,0.0,1.0,0.2708333333333333,0.0,0.0,0.22243538461538462,1.0,0.0,1.0,0.0,0.0
116,0.0,1.0,0.3541666666666667,0.0,0.0,0.12192307692307693,0.0,1.0,0.0,0.0,1.0
118,0.0,0.5,0.5208333333333334,0.2,0.0,0.3230769230769231,0.0,1.0,0.0,0.0,1.0
122,0.0,1.0,0.5353982843137254,0.0,0.0,0.12384615384615386,0.0,1.0,0.0,0.0,1.0
123,0.0,0.5,0.59375,0.2,0.0,0.4626276923076923,0.0,1.0,1.0,0.0,0.0
124,1.0,0.5,0.59375,0.0,0.0,0.2,1.0,0.0,0.0,0.0,1.0
126,1.0,1.0,0.16666666666666666,0.2,0.0,0.17294923076923077,0.0,1.0,1.0,0.0,0.0
127,0.0,1.0,0.5353982843137254,0.0,0.0,0.11923076923076924,0.0,1.0,0.0,1.0,0.0
128,1.0,1.0,0.4166666666666667,0.0,0.0,0.1098723076923077,0.0,1.0,0.0,0.0,1.0
129,1.0,1.0,0.5353982843137254,0.2,0.16666666666666666,0.34397384615384613,1.0,0.0,1.0,0.0,0.0
130,0.0,1.0,0.8541666666666666,0.0,0.0,0.1073076923076923,0.0,1.0,0.0,0.0,1.0
131,0.0,1.0,0.6041666666666666,0.0,0.0,0.12147384615384615,0.0,1.0,1.0,0.0,0.0
132,0.0,1.0,0.3333333333333333,0.0,0.0,0.10846153846153846,0.0,1.0,0.0,0.0,1.0
133,0.0,1.0,0.8958333333333334,0.2,0.0,0.2230769230769231,1.0,0.0,0.0,0.0,1.0
134,1.0,0.5,0.5208333333333334,0.2,0.0,0.4,1.0,0.0,0.0,0.0,1.0
135,0.0,0.5,0.4375,0.0,0.0,0.2,0.0,1.0,0.0,0.0,1.0
136,0.0,0.5,0.3958333333333333,0.0,0.0,0.23147384615384614,0.0,1.0,1.0,0.0,0.0
137,1.0,0.0,0.3125,0.0,0.3333333333333333,0.40435846153846156,1.0,0.0,0.0,0.0,1.0
138,0.0,0.0,0.6875,0.2,0.0,0.816923076923077,0.0,1.0,0.0,0.0,1.0
139,0.0,1.0,0.25,0.0,0.0,0.1417953846153846,0.0,1.0,0.0,0.0,1.0
141,0.0,1.0,0.5353982843137254,0.0,0.3333333333333333,0.23455076923076923,1.0,0.0,1.0,0.0,0.0
142,1.0,1.0,0.375,0.0,0.0,0.11923076923076924,1.0,0.0,0.0,0.0,1.0
143,1.0,1.0,0.4166666666666667,0.2,0.0,0.24384615384615385,1.0,0.0,0.0,0.0,1.0
144,0.0,1.0,0.3125,0.0,0.0,0.10384615384615385,0.0,1.0,0.0,1.0,0.0
145,0.0,0.5,0.2916666666666667,0.0,0.0,0.17692307692307693,0.0,1.0,0.0,0.0,1.0
146,0.0,0.5,0.3125,0.2,0.16666666666666666,0.5653846153846154,0.0,1.0,0.0,0.0,1.0
147,1.0,1.0,0.4791666666666667,0.0,0.0,0.11993538461538461,0.0,1.0,0.0,0.0,1.0
148,0.0,1.0,0.10416666666666667,0.4,0.3333333333333333,0.5288461538461539,1.0,0.0,0.0,0.0,1.0
149,0.0,0.5,0.6770833333333334,0.0,0.3333333333333333,0.4,0.0,1.0,0.0,0.0,1.0
150,0.0,0.5,0.7916666666666666,0.0,0.0,0.2,0.0,1.0,0.0,0.0,1.0
151,0.0,0.5,0.9791666666666666,0.0,0.0,0.1926923076923077,0.0,1.0,0.0,0.0,1.0
154,0.0,1.0,0.7604166666666666,0.0,0.3333333333333333,0.2230769230769231,0.0,1.0,0.0,0.0,1.0
155,0.0,1.0,0.5353982843137254,0.0,0.0,0.1125,0.0,1.0,0.0,0.0,1.0
156,0.0,0.0,0.9791666666666666,0.0,0.16666666666666666,0.9442953846153845,0.0,1.0,1.0,0.0,0.0
157,1.0,1.0,0.25,0.0,0.0,0.11897384615384615,1.0,0.0,0.0,1.0,0.0
158,0.0,1.0,0.5416666666666666,0.0,0.0,0.12384615384615386,0.0,1.0,0.0,0.0,1.0
159,0.0,1.0,0.5353982843137254,0.0,0.0,0.13326923076923075,0.0,1.0,0.0,0.0,1.0
161,0.0,1.0,0.8333333333333334,0.0,0.16666666666666666,0.2476923076923077,0.0,1.0,0.0,0.0,1.0
162,1.0,0.5,0.75,0.0,0.0,0.2423076923076923,1.0,0.0,0.0,0.0,1.0
163,0.0,1.0,0.4583333333333333,0.0,0.0,0.11961538461538462,0.0,1.0,0.0,0.0,1.0
164,0.0,1.0,0.2708333333333333,0.0,0.0,0.13326923076923075,0.0,1.0,0.0,0.0,1.0
166,1.0,1.0,0.10416666666666667,0.0,0.3333333333333333,0.31576923076923075,0.0,1.0,0.0,0.0,1.0
167,1.0,0.0,0.5353982843137254,0.0,0.16666666666666666,0.8461538461538461,1.0,0.0,0.0,0.0,1.0
168,0.0,1.0,0.8541666666666666,0.2,0.6666666666666666,0.4292307692307692,1.0,0.0,0.0,0.0,1.0
169,0.0,0.0,0.5353982843137254,0.0,0.0,0.39884615384615385,0.0,1.0,0.0,0.0,1.0
170,0.0,1.0,0.5,0.0,0.0,0.8691661538461539,0.0,1.0,0.0,0.0,1.0
172,0.0,1.0,0.0,0.8,0.16666666666666666,0.4480769230769231,0.0,1.0,0.0,1.0,0.0
174,0.0,1.0,0.3541666666666667,0.0,0.0,0.12192307692307693,0.0,1.0,0.0,0.0,1.0
176,0.0,1.0,0.2916666666666667,0.2,0.16666666666666666,0.12083384615384615,0.0,1.0,0.0,0.0,1.0
177,0.0,1.0,0.5353982843137254,0.6,0.16666666666666666,0.3917953846153846,0.0,1.0,0.0,0.0,1.0
178,0.0,0.0,0.9583333333333334,0.0,0.0,0.4417307692307692,1.0,0.0,1.0,0.0,0.0
179,0.0,0.5,0.5416666666666666,0.0,0.0,0.2,0.0,1.0,0.0,0.0,1.0
180,0.0,1.0,0.6666666666666666,0.0,0.0,0.0,0.0,1.0,0.0,0.0,1.0
182,0.0,0.5,0.5353982843137254,0.0,0.0,0.23153846153846155,0.0,1.0,1.0,0.0,0.0
183,0.0,1.0,0.10416666666666667,0.8,0.3333333333333333,0.48288461538461536,0.0,1.0,0.0,0.0,1.0
185,1.0,1.0,0.0,0.0,0.3333333333333333,0.3388461538461538,1.0,0.0,0.0,0.0,1.0
186,0.0,0.0,0.5353982843137254,0.0,0.0,0.7692307692307693,0.0,1.0,0.0,0.0,1.0
187,1.0,1.0,0.5353982843137254,0.2,0.0,0.23846153846153847,1.0,0.0,0.0,1.0,0.0
188,1.0,0.0,0.8541666666666666,0.0,0.0,0.4084615384615385,0.0,1.0,0.0,0.0,1.0
189,0.0,1.0,0.75,0.2,0.16666666666666666,0.23846153846153847,0.0,1.0,0.0,1.0,0.0
190,0.0,1.0,0.6666666666666666,0.0,0.0,0.12147384615384615,0.0,1.0,0.0,0.0,1.0
191,1.0,0.5,0.5833333333333334,0.0,0.0,0.2,1.0,0.0,0.0,0.0,1.0
192,0.0,0.5,0.3125,0.0,0.0,0.2,0.0,1.0,0.0,0.0,1.0
193,1.0,1.0,0.3125,0.2,0.0,0.12083384615384615,1.0,0.0,0.0,0.0,1.0
195,1.0,0.0,0.8333333333333334,0.0,0.0,0.42647384615384615,1.0,0.0,1.0,0.0,0.0
197,0.0,1.0,0.5353982843137254,0.0,0.0,0.11923076923076924,0.0,1.0,0.0,1.0,0.0
198,0.0,1.0,0.7916666666666666,0.0,0.16666666666666666,0.12929538461538462,0.0,1.0,0.0,0.0,1.0
199,1.0,1.0,0.5353982843137254,0.0,0.0,0.11923076923076924,1.0,0.0,0.0,1.0,0.0
200,0.0,0.5,0.4166666666666667,0.0,0.0,0.2,1.0,0.0,0.0,0.0,1.0
201,0.0,1.0,0.5,0.0,0.0,0.14615384615384616,0.0,1.0,0.0,0.0,1.0
203,0.0,1.0,0.625,0.0,0.0,0.09993538461538462,0.0,1.0,0.0,0.0,1.0
204,0.0,1.0,0.8645833333333334,0.0,0.0,0.11115384615384614,0.0,1.0,1.0,0.0,0.0
205,1.0,1.0,0.2916666666666667,0.0,0.0,0.12384615384615386,0.0,1.0,0.0,0.0,1.0
207,0.0,1.0,0.5833333333333334,0.2,0.0,0.24384615384615385,0.0,1.0,0.0,0.0,1.0
208,1.0,1.0,0.4583333333333333,0.0,0.0,0.2890384615384616,0.0,1.0,1.0,0.0,0.0
209,1.0,1.0,0.25,0.0,0.0,0.11923076923076924,1.0,0.0,0.0,1.0,0.0
210,1.0,0.0,0.75,0.0,0.0,0.47692307692307695,0.0,1.0,1.0,0.0,0.0
211,0.0,1.0,0.4166666666666667,0.0,0.0,0.10846153846153846,0.0,1.0,0.0,0.0,1.0
212,1.0,0.5,0.6458333333333334,0.0,0.0,0.3230769230769231,1.0,0.0,0.0,0.0,1.0
213,0.0,1.0,0.375,0.0,0.0,0.11153846153846154,0.0,1.0,0.0,0.0,1.0
214,0.0,0.5,0.5416666666666666,0.0,0.0,0.2,0.0,1.0,0.0,0.0,1.0
215,0.0,1.0,0.5353982843137254,0.2,0.0,0.11923076923076924,0.0,1.0,0.0,1.0,0.0
217,1.0,1.0,0.4791666666666667,0.0,0.0,0.12192307692307693,1.0,0.0,0.0,0.0,1.0
218,0.0,0.5,0.7916666666666666,0.2,0.0,0.4153846153846154,0.0,1.0,0.0,0.0,1.0
220,0.0,0.5,0.5416666666666666,0.0,0.0,0.16153846153846155,0.0,1.0,0.0,0.0,1.0
221,1.0,1.0,0.25,0.0,0.0,0.12384615384615386,0.0,1.0,0.0,0.0,1.0
222,0.0,0.5,0.4791666666666667,0.0,0.0,0.2,0.0,1.0,0.0,0.0,1.0
223,0.0,1.0,0.9791666666666666,0.0,0.0,0.12384615384615386,0.0,1.0,0.0,0.0,1.0
224,0.0,1.0,0.5353982843137254,0.0,0.0,0.12147384615384615,0.0,1.0,0.0,0.0,1.0
226,0.0,1.0,0.375,0.0,0.0,0.14384615384615385,0.0,1.0,0.0,0.0,1.0
227,1.0,0.5,0.3125,0.0,0.0,0.16153846153846155,0.0,1.0,0.0,0.0,1.0
228,0.0,1.0,0.34375,0.0,0.0,0.11153846153846154,0.0,1.0,0.0,0.0,1.0
229,0.0,0.5,0.2916666666666667,0.0,0.0,0.2,0.0,1.0,0.0,0.0,1.0
230,0.0,1.0,0.5353982843137254,0.6,0.16666666666666666,0.3917953846153846,1.0,0.0,0.0,0.0,1.0
232,0.0,1.0,0.5208333333333334,0.0,0.0,0.11961538461538462,0.0,1.0,0.0,0.0,1.0
234,1.0,1.0,0.020833333333333332,0.8,0.3333333333333333,0.48288461538461536,1.0,0.0,0.0,0.0,1.0
235,0.0,0.5,0.4166666666666667,0.0,0.0,0.16153846153846155,0.0,1.0,0.0,0.0,1.0
236,0.0,1.0,0.5353982843137254,0.0,0.0,0.11615384615384615,1.0,0.0,0.0,0.0,1.0
237,0.0,0.5,0.8333333333333334,0.2,0.0,0.4,0.0,1.0,0.0,0.0,1.0
238,1.0,0.5,0.08333333333333333,0.0,0.3333333333333333,0.40384615384615385,1.0,0.0,0.0,0.0,1.0
239,0.0,0.5,0.3125,0.0,0.0,0.16153846153846155,0.0,1.0,0.0,0.0,1.0
240,0.0,0.5,0.6041666666666666,0.0,0.0,0.18884615384615386,0.0,1.0,0.0,0.0,1.0
241,0.0,1.0,0.5353982843137254,0.2,0.0,0.2223723076923077,1.0,0.0,1.0,0.0,0.0
242,1.0,1.0,0.5353982843137254,0.2,0.0,0.23846153846153847,1.0,0.0,0.0,1.0,0.0
243,0.0,0.5,0.5208333333333334,0.0,0.0,0.16153846153846155,0.0,1.0,0.0,0.0,1.0
244,0.0,1.0,0.375,0.0,0.0,0.10961538461538461,0.0,1.0,0.0,0.0,1.0
245,0.0,1.0,0.5416666666666666,0.0,0.0,0.11115384615384614,0.0,1.0,1.0,0.0,0.0
247,0.0,1.0,0.4375,0.0,0.0,0.11961538461538462,1.0,0.0,0.0,0.0,1.0
248,1.0,0.5,0.4166666666666667,0.0,0.3333333333333333,0.2230769230769231,1.0,0.0,0.0,0.0,1.0
249,1.0,0.0,0.6875,0.2,0.16666666666666666,0.8085261538461539,0.0,1.0,0.0,0.0,1.0
251,0.0,1.0,0.5353982843137254,0.0,0.0,0.11153846153846154,0.0,1.0,0.0,0.0,1.0
252,0.0,1.0,0.5208333333333334,0.2,0.16666666666666666,0.16096153846153846,1.0,0.0,0.0,0.0,1.0
254,0.0,1.0,0.5416666666666666,0.2,0.0,0.2476923076923077,0.0,1.0,0.0,0.0,1.0
255,0.0,1.0,0.7708333333333334,0.0,0.3333333333333333,0.31096153846153846,1.0,0.0,0.0,0.0,1.0
256,1.0,1.0,0.5208333333333334,0.0,0.3333333333333333,0.23455076923076923,1.0,0.0,1.0,0.0,0.0
260,1.0,0.5,0.9583333333333334,0.0,0.16666666666666666,0.4,1.0,0.0,0.0,0.0,1.0
261,0.0,1.0,0.5353982843137254,0.0,0.0,0.11923076923076924,0.0,1.0,0.0,1.0,0.0
264,0.0,0.0,0.75,0.0,0.0,0.0,0.0,1.0,0.0,0.0,1.0
265,0.0,1.0,0.5353982843137254,0.0,0.0,0.11923076923076924,1.0,0.0,0.0,1.0,0.0
266,0.0,0.5,0.6666666666666666,0.0,0.0,0.16153846153846155,0.0,1.0,0.0,0.0,1.0
267,0.0,1.0,0.25,0.8,0.16666666666666666,0.6105769230769231,0.0,1.0,0.0,0.0,1.0
268,1.0,1.0,0.4375,0.2,0.0,0.11961538461538462,0.0,1.0,0.0,0.0,1.0
271,0.0,0.0,0.5353982843137254,0.0,0.0,0.47692307692307695,0.0,1.0,0.0,0.0,1.0
272,1.0,1.0,0.4375,0.0,0.0,0.0,0.0,1.0,0.0,0.0,1.0
273,1.0,0.5,0.7708333333333334,0.0,0.16666666666666666,0.3,1.0,0.0,0.0,0.0,1.0
274,0.0,0.0,0.6875,0.0,0.16666666666666666,0.45692307692307693,0.0,1.0,1.0,0.0,0.0
275,1.0,1.0,0.5353982843137254,0.0,0.0,0.11923076923076924,1.0,0.0,0.0,1.0,0.0
277,0.0,1.0,0.8541666666666666,0.0,0.0,0.11923076923076924,1.0,0.0,0.0,0.0,1.0
278,0.0,0.5,0.5353982843137254,0.0,0.0,0.0,0.0,1.0,0.0,0.0,1.0
279,0.0,1.0,0.0625,0.8,0.16666666666666666,0.4480769230769231,0.0,1.0,0.0,1.0,0.0
280,1.0,1.0,0.6458333333333334,0.2,0.16666666666666666,0.31153846153846154,1.0,0.0,0.0,0.0,1.0
282,0.0,1.0,0.5,0.0,0.0,0.12083384615384615,0.0,1.0,0.0,0.0,1.0
283,0.0,1.0,0.25,0.0,0.0,0.14615384615384616,0.0,1.0,0.0,0.0,1.0
284,1.0,1.0,0.3125,0.0,0.0,0.12384615384615386,0.0,1.0,0.0,0.0,1.0
285,0.0,0.0,0.5353982843137254,0.0,0.0,0.4,0.0,1.0,0.0,0.0,1.0
286,0.0,1.0,0.6041666666666666,0.0,0.0,0.13326923076923075,0.0,1.0,1.0,0.0,0.0
287,1.0,1.0,0.5416666666666666,0.0,0.0,0.14615384615384616,0.0,1.0,0.0,0.0,1.0
288,0.0,1.0,0.375,0.0,0.0,0.12147384615384615,0.0,1.0,0.0,0.0,1.0
289,1.0,0.5,0.7916666666666666,0.0,0.0,0.2,0.0,1.0,0.0,0.0,1.0
290,1.0,1.0,0.375,0.0,0.0,0.11923076923076924,1.0,0.0,0.0,1.0,0.0
293,0.0,0.5,0.6666666666666666,0.0,0.0,0.19807692307692307,0.0,1.0,1.0,0.0,0.0
294,0.0,1.0,0.4166666666666667,0.0,0.0,0.13615384615384615,1.0,0.0,0.0,0.0,1.0
295,0.0,1.0,0.4166666666666667,0.0,0.0,0.12147384615384615,0.0,1.0,0.0,0.0,1.0
296,0.0,0.0,0.5353982843137254,0.0,0.0,0.42647384615384615,0.0,1.0,1.0,0.0,0.0
297,0.0,1.0,0.40625,0.0,0.0,0.11121846153846153,0.0,1.0,1.0,0.0,0.0
299,1.0,0.0,0.5353982843137254,0.0,0.0,0.46923076923076923,0.0,1.0,0.0,0.0,1.0
301,1.0,1.0,0.5353982843137254,0.0,0.0,0.11923076923076924,1.0,0.0,0.0,1.0,0.0
302,1.0,1.0,0.5353982843137254,0.4,0.0,0.3576923076923077,0.0,1.0,0.0,1.0,0.0
303,0.0,1.0,0.3125,0.0,0.0,0.0,0.0,1.0,0.0,0.0,1.0
304,1.0,0.5,0.5353982843137254,0.0,0.0,0.19,1.0,0.0,0.0,1.0,0.0
305,0.0,1.0,0.5353982843137254,0.0,0.0,0.12384615384615386,0.0,1.0,0.0,0.0,1.0
309,0.0,0.5,0.5416666666666666,0.2,0.0,0.36923076923076925,0.0,1.0,1.0,0.0,0.0
310,1.0,0.0,0.5416666666666666,0.0,0.0,0.8758338461538462,1.0,0.0,1.0,0.0,0.0
313,0.0,0.5,0.4583333333333333,0.2,0.16666666666666666,0.4,1.0,0.0,0.0,0.0,1.0
314,0.0,1.0,0.5,0.0,0.0,0.12147384615384615,0.0,1.0,0.0,0.0,1.0
315,0.0,0.5,0.8125,0.2,0.16666666666666666,0.40384615384615385,0.0,1.0,0.0,0.0,1.0
316,1.0,1.0,0.4583333333333333,0.0,0.0,0.12083384615384615,1.0,0.0,0.0,0.0,1.0
317,1.0,0.5,0.4166666666666667,0.2,0.0,0.4,1.0,0.0,0.0,0.0,1.0
321,0.0,1.0,0.375,0.0,0.0,0.11153846153846154,0.0,1.0,0.0,0.0,1.0
322,0.0,1.0,0.4791666666666667,0.0,0.0,0.12147384615384615,0.0,1.0,0.0,0.0,1.0
323,1.0,0.5,0.5416666666666666,0.0,0.0,0.19,1.0,0.0,0.0,1.0,0.0
324,1.0,0.5,0.375,0.2,0.16666666666666666,0.4461538461538462,1.0,0.0,0.0,0.0,1.0
328,1.0,0.5,0.6666666666666666,0.0,0.0,0.2,1.0,0.0,0.0,0.0,1.0
329,1.0,1.0,0.5625,0.2,0.16666666666666666,0.31576923076923075,1.0,0.0,0.0,0.0,1.0
330,1.0,0.0,0.25,0.0,0.16666666666666666,0.8919876923076923,1.0,0.0,1.0,0.0,0.0
331,1.0,1.0,0.5353982843137254,0.4,0.0,0.3576923076923077,1.0,0.0,0.0,1.0,0.0
332,0.0,0.0,0.8645833333333334,0.0,0.0,0.43846153846153846,0.0,1.0,0.0,0.0,1.0
334,0.0,1.0,0.25,0.4,0.0,0.27692307692307694,0.0,1.0,0.0,0.0,1.0
336,0.0,1.0,0.5353982843137254,0.0,0.0,0.12147384615384615,0.0,1.0,0.0,0.0,1.0
339,1.0,1.0,0.8541666666666666,0.0,0.0,0.12384615384615386,0.0,1.0,0.0,0.0,1.0
340,0.0,0.0,0.8541666666666666,0.0,0.0,0.5461538461538461,0.0,1.0,0.0,0.0,1.0
343,0.0,0.5,0.5,0.0,0.0,0.2,0.0,1.0,0.0,0.0,1.0
344,0.0,0.5,0.4375,0.0,0.0,0.2,0.0,1.0,0.0,0.0,1.0
345,0.0,0.5,0.6666666666666666,0.0,0.0,0.2,0.0,1.0,0.0,0.0,1.0
346,1.0,0.5,0.4166666666666667,0.0,0.0,0.2,1.0,0.0,0.0,0.0,1.0
347,1.0,0.5,0.75,0.0,0.0,0.2,1.0,0.0,0.0,0.0,1.0
348,1.0,1.0,0.5353982843137254,0.2,0.0,0.2476923076923077,1.0,0.0,0.0,0.0,1.0
350,0.0,1.0,0.7916666666666666,0.0,0.0,0.13326923076923075,0.0,1.0,0.0,0.0,1.0
351,0.0,1.0,0.3958333333333333,0.0,0.0,0.14192307692307693,0.0,1.0,0.0,0.0,1.0
352,0.0,0.0,0.5353982843137254,0.0,0.0,0.5384615384615384,0.0,1.0,0.0,0.0,1.0
353,0.0,1.0,0.22916666666666666,0.2,0.16666666666666666,0.11121846153846153,0.0,1.0,1.0,0.0,0.0
354,0.0,1.0,0.4375,0.2,0.0,0.27384615384615385,0.0,1.0,0.0,0.0,1.0
355,0.0,1.0,0.5353982843137254,0.0,0.0,0.11115384615384614,0.0,1.0,1.0,0.0,0.0
356,0.0,1.0,0.5,0.0,0.0,0.14615384615384616,0.0,1.0,0.0,0.0,1.0
357,1.0,0.0,0.375,0.0,0.16666666666666666,0.8461538461538461,1.0,0.0,0.0,0.0,1.0
358,0.0,0.5,0.7083333333333334,0.0,0.0,0.2,1.0,0.0,0.0,0.0,1.0
359,1.0,1.0,0.5353982843137254,0.0,0.0,0.12121846153846154,1.0,0.0,0.0,1.0,0.0
360,1.0,1.0,0.5353982843137254,0.0,0.0,0.12121846153846154,1.0,0.0,0.0,1.0,0.0
361,0.0,1.0,0.75,0.2,0.6666666666666666,0.4292307692307692,0.0,1.0,0.0,0.0,1.0
362,0.0,0.5,0.5208333333333334,0.2,0.0,0.42647384615384615,0.0,1.0,1.0,0.0,0.0
363,0.0,1.0,0.8541666666666666,0.0,0.16666666666666666,0.2223723076923077,1.0,0.0,1.0,0.0,0.0
364,0.0,1.0,0.6458333333333334,0.0,0.0,0.10846153846153846,0.0,1.0,0.0,0.0,1.0
365,0.0,1.0,0.5353982843137254,0.2,0.0,0.23846153846153847,0.0,1.0,0.0,1.0,0.0
366,0.0,1.0,0.5416666666666666,0.0,0.0,0.11153846153846154,0.0,1.0,0.0,0.0,1.0
368,1.0,1.0,0.5353982843137254,0.0,0.0,0.11121846153846153,1.0,0.0,1.0,0.0,0.0
369,1.0,1.0,0.5353982843137254,0.0,0.0,0.11923076923076924,1.0,0.0,0.0,1.0,0.0
371,1.0,0.0,0.4375,0.2,0.0,0.8529492307692307,0.0,1.0,1.0,0.0,0.0
372,0.0,1.0,0.2916666666666667,0.2,0.0,0.09993538461538462,0.0,1.0,0.0,0.0,1.0
373,0.0,1.0,0.3125,0.0,0.0,0.12384615384615386,0.0,1.0,0.0,0.0,1.0
377,1.0,1.0,0.375,0.0,0.0,0.11153846153846154,1.0,0.0,0.0,0.0,1.0
379,0.0,1.0,0.3333333333333333,0.0,0.0,0.061730769230769235,0.0,1.0,1.0,0.0,0.0
380,0.0,1.0,0.3125,0.0,0.0,0.11961538461538462,0.0,1.0,0.0,0.0,1.0
383,0.0,1.0,0.5833333333333334,0.0,0.0,0.12192307692307693,0.0,1.0,0.0,0.0,1.0
384,1.0,0.0,0.6458333333333334,0.2,0.0,0.8,1.0,0.0,0.0,0.0,1.0
385,0.0,1.0,0.5353982843137254,0.0,0.0,0.12147384615384615,0.0,1.0,0.0,0.0,1.0
388,1.0,0.5,0.6666666666666666,0.0,0.0,0.2,1.0,0.0,0.0,0.0,1.0
389,0.0,1.0,0.5353982843137254,0.0,0.0,0.11891076923076922,0.0,1.0,0.0,1.0,0.0
390,1.0,0.5,0.2708333333333333,0.0,0.0,0.18461538461538463,1.0,0.0,1.0,0.0,0.0
392,1.0,1.0,0.3541666666666667,0.0,0.0,0.11993538461538461,0.0,1.0,0.0,0.0,1.0
393,0.0,1.0,0.5,0.4,0.0,0.12192307692307693,0.0,1.0,0.0,0.0,1.0
395,1.0,1.0,0.4166666666666667,0.0,0.3333333333333333,0.2569230769230769,1.0,0.0,0.0,0.0,1.0
396,0.0,1.0,0.375,0.0,0.0,0.11993538461538461,0.0,1.0,0.0,0.0,1.0
397,0.0,1.0,0.5625,0.0,0.0,0.12083384615384615,1.0,0.0,0.0,0.0,1.0
398,0.0,0.5,0.875,0.0,0.0,0.4,0.0,1.0,0.0,0.0,1.0
399,0.0,0.5,0.3958333333333333,0.0,0.0,0.16153846153846155,0.0,1.0,0.0,0.0,1.0
400,1.0,0.5,0.5,0.0,0.0,0.19461538461538463,1.0,0.0,0.0,0.0,1.0
401,1.0,1.0,0.7291666666666666,0.0,0.0,0.12192307692307693,0.0,1.0,0.0,0.0,1.0
402,0.0,1.0,0.4583333333333333,0.0,0.0,0.12384615384615386,0.0,1.0,0.0,0.0,1.0
403,0.0,1.0,0.3541666666666667,0.2,0.0,0.15115384615384614,1.0,0.0,0.0,0.0,1.0
404,0.0,1.0,0.5,0.2,0.0,0.24384615384615385,0.0,1.0,0.0,0.0,1.0
405,0.0,1.0,0.3333333333333333,0.0,0.0,0.13326923076923075,1.0,0.0,0.0,0.0,1.0
406,0.0,0.5,0.625,0.2,0.0,0.3230769230769231,0.0,1.0,0.0,0.0,1.0
407,0.0,1.0,0.9791666666666666,0.0,0.0,0.11923076923076924,0.0,1.0,0.0,0.0,1.0
409,0.0,1.0,0.3541666666666667,0.0,0.0,0.11961538461538462,0.0,1.0,0.0,0.0,1.0
410,0.0,1.0,0.5353982843137254,0.6,0.16666666666666666,0.3917953846153846,1.0,0.0,0.0,0.0,1.0
411,0.0,1.0,0.5353982843137254,0.0,0.0,0.12147384615384615,0.0,1.0,0.0,0.0,1.0
412,0.0,1.0,0.5353982843137254,0.0,0.0,0.10551230769230768,0.0,1.0,0.0,1.0,0.0
414,0.0,0.5,0.5353982843137254,0.0,0.0,0.0,0.0,1.0,0.0,0.0,1.0
415,1.0,1.0,0.8333333333333334,0.0,0.0,0.12192307692307693,0.0,1.0,0.0,0.0,1.0
416,0.0,1.0,0.5353982843137254,0.0,0.0,0.12384615384615386,1.0,0.0,0.0,0.0,1.0
417,1.0,0.5,0.625,0.2,0.16666666666666666,0.5,1.0,0.0,0.0,0.0,1.0
418,1.0,0.5,0.2916666666666667,0.0,0.3333333333333333,0.2,1.0,0.0,0.0,0.0,1.0
419,0.0,0.5,0.5416666666666666,0.0,0.0,0.2,0.0,1.0,0.0,0.0,1.0
420,0.0,1.0,0.125,0.0,0.3333333333333333,0.37153846153846154,1.0,0.0,0.0,0.0,1.0
421,0.0,1.0,0.5353982843137254,0.0,0.0,0.12147384615384615,0.0,1.0,1.0,0.0,0.0
422,0.0,1.0,0.3541666666666667,0.0,0.0,0.11897384615384615,0.0,1.0,0.0,1.0,0.0
423,0.0,1.0,0.5208333333333334,0.0,0.0,0.12115384615384615,0.0,1.0,0.0,0.0,1.0
424,0.0,1.0,0.5,0.2,0.16666666666666666,0.22153846153846155,1.0,0.0,0.0,0.0,1.0
425,0.0,1.0,0.2916666666666667,0.2,0.16666666666666666,0.31096153846153846,0.0,1.0,0.0,0.0,1.0
426,0.0,1.0,0.5353982843137254,0.0,0.0,0.11153846153846154,0.0,1.0,0.0,0.0,1.0
427,1.0,0.5,0.5,0.2,0.0,0.4,1.0,0.0,0.0,0.0,1.0
428,1.0,0.5,0.3125,0.0,0.0,0.4,1.0,0.0,0.0,0.0,1.0
429,0.0,1.0,0.5353982843137254,0.0,0.0,0.11923076923076924,0.0,1.0,0.0,1.0,0.0
430,1.0,1.0,0.5833333333333334,0.0,0.0,0.12384615384615386,0.0,1.0,0.0,0.0,1.0
431,1.0,0.0,0.5,0.0,0.0,0.4084615384615385,0.0,1.0,0.0,0.0,1.0
432,1.0,1.0,0.5353982843137254,0.2,0.0,0.2476923076923077,1.0,0.0,0.0,0.0,1.0
433,1.0,0.5,0.7916666666666666,0.2,0.0,0.4,1.0,0.0,0.0,0.0,1.0
434,0.0,1.0,0.2708333333333333,0.0,0.0,0.10961538461538461,0.0,1.0,0.0,0.0,1.0
435,0.0,0.0,0.9583333333333334,0.2,0.0,0.86,0.0,1.0,0.0,0.0,1.0
437,0.0,1.0,0.3541666666666667,0.4,0.3333333333333333,0.5288461538461539,1.0,0.0,0.0,0.0,1.0
438,1.0,0.5,0.4166666666666667,0.4,0.5,0.28846153846153844,1.0,0.0,0.0,0.0,1.0
440,0.0,0.5,0.5625,0.0,0.0,0.16153846153846155,0.0,1.0,0.0,0.0,1.0
441,1.0,0.5,0.8541666666666666,0.2,0.16666666666666666,0.40384615384615385,1.0,0.0,0.0,0.0,1.0
442,0.0,1.0,0.3333333333333333,0.0,0.0,0.14615384615384616,0.0,1.0,0.0,0.0,1.0
443,0.0,1.0,0.4375,0.2,0.0,0.11961538461538462,0.0,1.0,0.0,0.0,1.0
444,1.0,0.5,0.5,0.0,0.0,0.2,1.0,0.0,0.0,0.0,1.0
445,1.0,1.0,0.5353982843137254,0.0,0.0,0.12480769230769231,0.0,1.0,0.0,0.0,1.0
447,1.0,0.5,0.1875,0.0,0.16666666666666666,0.3,1.0,0.0,0.0,0.0,1.0
448,1.0,0.0,0.625,0.0,0.0,0.4084615384615385,0.0,1.0,0.0,0.0,1.0
449,1.0,1.0,0.020833333333333332,0.4,0.16666666666666666,0.29628153846153843,1.0,0.0,1.0,0.0,0.0
450,1.0,0.0,1.0,0.0,0.0,0.46923076923076923,0.0,1.0,0.0,0.0,1.0
451,0.0,0.5,0.6666666666666666,0.2,0.3333333333333333,0.4269230769230769,0.0,1.0,0.0,0.0,1.0
452,0.0,1.0,0.5353982843137254,0.2,0.0,0.30718,0.0,1.0,0.0,0.0,1.0
453,0.0,0.0,0.5416666666666666,0.0,0.0,0.4269230769230769,0.0,1.0,1.0,0.0,0.0
455,0.0,1.0,0.5353982843137254,0.0,0.0,0.12384615384615386,0.0,1.0,0.0,0.0,1.0
456,1.0,1.0,0.5208333333333334,0.0,0.0,0.12147384615384615,0.0,1.0,1.0,0.0,0.0
458,1.0,0.0,0.5353982843137254,0.2,0.0,0.7978846153846153,1.0,0.0,0.0,0.0,1.0
459,1.0,0.5,0.9583333333333334,0.0,0.0,0.16153846153846155,1.0,0.0,0.0,0.0,1.0
460,0.0,1.0,0.5353982843137254,0.0,0.0,0.11923076923076924,0.0,1.0,0.0,1.0,0.0
461,1.0,0.0,0.9166666666666666,0.0,0.0,0.4084615384615385,0.0,1.0,0.0,0.0,1.0
462,0.0,1.0,0.625,0.0,0.0,0.12384615384615386,0.0,1.0,0.0,0.0,1.0
463,0.0,0.0,0.8958333333333334,0.0,0.0,0.5923076923076923,0.0,1.0,0.0,0.0,1.0
464,0.0,0.5,0.9166666666666666,0.0,0.0,0.2,0.0,1.0,0.0,0.0,1.0
465,0.0,1.0,0.5353982843137254,0.0,0.0,0.12384615384615386,0.0,1.0,0.0,0.0,1.0
466,0.0,1.0,0.7083333333333334,0.0,0.0,0.10846153846153846,0.0,1.0,0.0,0.0,1.0
467,0.0,0.5,0.5353982843137254,0.0,0.0,0.0,0.0,1.0,0.0,0.0,1.0
469,0.0,1.0,0.5353982843137254,0.0,0.0,0.11884615384615384,0.0,1.0,0.0,1.0,0.0
471,0.0,1.0,0.5353982843137254,0.0,0.0,0.11153846153846154,0.0,1.0,0.0,0.0,1.0
472,0.0,1.0,0.7083333333333334,0.0,0.0,0.13326923076923075,0.0,1.0,0.0,0.0,1.0
473,1.0,0.5,0.6041666666666666,0.2,0.3333333333333333,0.4269230769230769,1.0,0.0,0.0,0.0,1.0
474,1.0,0.5,0.3958333333333333,0.0,0.0,0.21218,1.0,0.0,1.0,0.0,0.0
475,0.0,1.0,0.375,0.0,0.0,0.15134615384615385,1.0,0.0,0.0,0.0,1.0
476,0.0,0.0,0.5353982843137254,0.0,0.0,0.8,0.0,1.0,0.0,0.0,1.0
477,0.0,0.5,0.625,0.2,0.0,0.3230769230769231,0.0,1.0,0.0,0.0,1.0
478,0.0,1.0,0.5208333333333334,0.2,0.0,0.10839692307692307,0.0,1.0,0.0,0.0,1.0
479,0.0,1.0,0.375,0.0,0.0,0.11570461538461539,0.0,1.0,0.0,0.0,1.0
481,0.0,1.0,0.10416666666666667,1.0,0.3333333333333333,0.7215384615384615,0.0,1.0,0.0,0.0,1.0
482,0.0,0.5,0.5353982843137254,0.0,0.0,0.0,0.0,1.0,0.0,0.0,1.0
483,0.0,1.0,0.9583333333333334,0.0,0.0,0.12384615384615386,0.0,1.0,0.0,0.0,1.0
486,0.0,1.0,0.5353982843137254,0.6,0.16666666666666666,0.3917953846153846,1.0,0.0,0.0,0.0,1.0
489,0.0,1.0,0.5416666666666666,0.0,0.0,0.12384615384615386,0.0,1.0,0.0,0.0,1.0
490,1.0,1.0,0.10416666666666667,0.2,0.16666666666666666,0.24461538461538462,0.0,1.0,0.0,0.0,1.0
491,0.0,1.0,0.5353982843137254,0.2,0.0,0.30718,0.0,1.0,0.0,0.0,1.0
492,0.0,1.0,0.3541666666666667,0.0,0.0,0.11153846153846154,0.0,1.0,0.0,0.0,1.0
495,0.0,1.0,0.3541666666666667,0.0,0.0,0.12384615384615386,0.0,1.0,0.0,0.0,1.0
496,0.0,1.0,0.5353982843137254,0.0,0.0,0.22243538461538462,0.0,1.0,1.0,0.0,0.0
498,0.0,1.0,0.5353982843137254,0.0,0.0,0.2323076923076923,0.0,1.0,0.0,0.0,1.0
500,0.0,1.0,0.4166666666666667,0.0,0.0,0.11993538461538461,0.0,1.0,0.0,0.0,1.0
501,0.0,1.0,0.2708333333333333,0.0,0.0,0.13326923076923075,0.0,1.0,0.0,0.0,1.0
502,0.0,1.0,0.3541666666666667,0.0,0.0,0.11923076923076924,1.0,0.0,0.0,1.0,0.0
503,0.0,1.0,0.5353982843137254,0.0,0.0,0.11737230769230769,1.0,0.0,0.0,1.0,0.0
504,0.0,1.0,0.6875,0.0,0.0,0.1475,1.0,0.0,0.0,0.0,1.0
507,1.0,0.5,0.6041666666666666,0.0,0.3333333333333333,0.4,1.0,0.0,0.0,0.0,1.0
508,1.0,0.0,0.5353982843137254,0.0,0.0,0.4084615384615385,0.0,1.0,0.0,0.0,1.0
509,0.0,1.0,0.5,0.0,0.0,0.3465384615384615,0.0,1.0,0.0,0.0,1.0
510,1.0,1.0,0.4583333333333333,0.0,0.0,0.8691661538461539,0.0,1.0,0.0,0.0,1.0
511,1.0,1.0,0.5208333333333334,0.0,0.0,0.11923076923076924,0.0,1.0,0.0,1.0,0.0
512,0.0,1.0,0.5353982843137254,0.0,0.0,0.12384615384615386,0.0,1.0,0.0,0.0,1.0
513,1.0,0.0,0.6666666666666666,0.0,0.0,0.40442307692307694,0.0,1.0,0.0,0.0,1.0
515,0.0,1.0,0.4166666666666667,0.0,0.0,0.11532,0.0,1.0,0.0,0.0,1.0
516,0.0,0.0,0.8958333333333334,0.0,0.0,0.5233969230769231,0.0,1.0,0.0,0.0,1.0
517,1.0,0.5,0.625,0.0,0.0,0.16153846153846155,1.0,0.0,0.0,0.0,1.0
518,0.0,1.0,0.5353982843137254,0.0,0.0,0.37153846153846154,0.0,1.0,0.0,1.0,0.0
519,1.0,0.5,0.6666666666666666,0.2,0.0,0.4,1.0,0.0,0.0,0.0,1.0
520,0.0,1.0,0.5833333333333334,0.0,0.0,0.12147384615384615,0.0,1.0,0.0,0.0,1.0
522,0.0,1.0,0.375,0.0,0.0,0.12147384615384615,0.0,1.0,0.0,0.0,1.0
523,0.0,1.0,0.5353982843137254,0.0,0.0,0.11115384615384614,0.0,1.0,1.0,0.0,0.0
524,1.0,0.0,0.8333333333333334,0.0,0.16666666666666666,0.8919876923076923,1.0,0.0,1.0,0.0,0.0
525,0.0,1.0,0.5353982843137254,0.0,0.0,0.11121846153846153,0.0,1.0,1.0,0.0,0.0
526,0.0,1.0,0.7604166666666666,0.0,0.0,0.11923076923076924,0.0,1.0,0.0,1.0,0.0
527,1.0,0.5,0.9583333333333334,0.0,0.0,0.16153846153846155,1.0,0.0,0.0,0.0,1.0
529,0.0,1.0,0.7291666666666666,0.0,0.0,0.12192307692307693,0.0,1.0,0.0,0.0,1.0
530,0.0,0.5,0.3958333333333333,0.4,0.16666666666666666,0.17692307692307693,0.0,1.0,0.0,0.0,1.0
532,0.0,1.0,0.5353982843137254,0.0,0.0,0.11121846153846153,0.0,1.0,1.0,0.0,0.0
533,0.0,1.0,0.2708333333333333,0.2,0.16666666666666666,0.11121846153846153,0.0,1.0,1.0,0.0,0.0
534,1.0,1.0,0.5353982843137254,0.0,0.3333333333333333,0.34397384615384613,1.0,0.0,1.0,0.0,0.0
535,0.0,1.0,0.5416666666666666,0.0,0.0,0.13326923076923075,1.0,0.0,0.0,0.0,1.0
536,1.0,0.5,0.0625,0.0,0.3333333333333333,0.40384615384615385,1.0,0.0,0.0,0.0,1.0
537,0.0,0.0,0.8541666666666666,0.0,0.0,0.4084615384615385,0.0,1.0,0.0,0.0,1.0
539,0.0,1.0,0.5353982843137254,0.0,0.0,0.2230769230769231,0.0,1.0,0.0,0.0,1.0
540,1.0,0.0,0.375,0.0,0.3333333333333333,0.7615384615384615,1.0,0.0,1.0,0.0,0.0
542,0.0,1.0,0.10416666666666667,0.8,0.3333333333333333,0.48115384615384615,1.0,0.0,0.0,0.0,1.0
543,0.0,1.0,0.14583333333333334,0.8,0.3333333333333333,0.48115384615384615,1.0,0.0,0.0,0.0,1.0
544,1.0,0.5,0.5833333333333334,0.2,0.0,0.4,0.0,1.0,0.0,0.0,1.0
547,1.0,0.5,0.3125,0.2,0.0,0.4,1.0,0.0,0.0,0.0,1.0
548,1.0,0.5,0.5353982843137254,0.0,0.0,0.21326923076923077,0.0,1.0,1.0,0.0,0.0
549,0.0,1.0,0.6041666666666666,0.2,0.16666666666666666,0.31576923076923075,0.0,1.0,0.0,0.0,1.0
550,1.0,0.5,0.08333333333333333,0.2,0.16666666666666666,0.5653846153846154,0.0,1.0,0.0,0.0,1.0
552,0.0,0.5,0.4791666666666667,0.0,0.0,0.4,0.0,1.0,0.0,0.0,1.0
553,0.0,1.0,0.5353982843137254,0.0,0.0,0.12044923076923077,0.0,1.0,0.0,1.0,0.0
554,1.0,1.0,0.375,0.0,0.0,0.11115384615384614,0.0,1.0,1.0,0.0,0.0
555,1.0,1.0,0.375,0.0,0.0,0.11961538461538462,1.0,0.0,0.0,0.0,1.0
557,1.0,0.0,0.9166666666666666,0.2,0.0,0.6092307692307692,1.0,0.0,1.0,0.0,0.0
560,1.0,1.0,0.6666666666666666,0.2,0.0,0.2676923076923077,1.0,0.0,0.0,0.0,1.0
561,0.0,1.0,0.5353982843137254,0.0,0.0,0.11923076923076924,0.0,1.0,0.0,1.0,0.0
562,0.0,1.0,0.75,0.0,0.0,0.12147384615384615,0.0,1.0,0.0,0.0,1.0
563,0.0,0.5,0.5,0.0,0.0,0.2076923076923077,0.0,1.0,0.0,0.0,1.0
564,0.0,1.0,0.5353982843137254,0.0,0.0,0.12384615384615386,0.0,1.0,0.0,0.0,1.0
565,0.0,1.0,0.5353982843137254,0.0,0.0,0.12384615384615386,1.0,0.0,0.0,0.0,1.0
566,0.0,1.0,0.4166666666666667,0.4,0.0,0.37153846153846154,0.0,1.0,0.0,0.0,1.0
567,0.0,1.0,0.3125,0.0,0.0,0.12147384615384615,0.0,1.0,0.0,0.0,1.0
568,0.0,1.0,0.5208333333333334,0.0,0.6666666666666666,0.3242307692307692,1.0,0.0,0.0,0.0,1.0
569,0.0,1.0,0.5353982843137254,0.0,0.0,0.11121846153846153,0.0,1.0,1.0,0.0,0.0
570,1.0,1.0,0.5833333333333334,0.0,0.0,0.12083384615384615,0.0,1.0,0.0,0.0,1.0
573,1.0,0.0,0.6666666666666666,0.0,0.0,0.40596153846153843,0.0,1.0,0.0,0.0,1.0
574,1.0,1.0,0.5353982843137254,0.0,0.0,0.11923076923076924,1.0,0.0,0.0,1.0,0.0
575,0.0,1.0,0.25,0.0,0.0,0.12384615384615386,0.0,1.0,0.0,0.0,1.0
576,0.0,1.0,0.3125,0.0,0.0,0.2230769230769231,0.0,1.0,0.0,0.0,1.0
577,1.0,0.5,0.625,0.0,0.0,0.2,1.0,0.0,0.0,0.0,1.0
578,1.0,0.0,0.7291666666666666,0.2,0.0,0.86,1.0,0.0,0.0,0.0,1.0
579,0.0,1.0,0.5353982843137254,0.2,0.0,0.22243538461538462,1.0,0.0,1.0,0.0,0.0
580,1.0,1.0,0.5833333333333334,0.0,0.0,0.12192307692307693,0.0,1.0,0.0,0.0,1.0
581,1.0,0.5,0.4375,0.2,0.16666666666666666,0.46153846153846156,1.0,0.0,0.0,0.0,1.0
584,0.0,0.0,0.6666666666666666,0.0,0.0,0.6173076923076923,0.0,1.0,1.0,0.0,0.0
585,0.0,1.0,0.5353982843137254,0.0,0.0,0.13403846153846155,0.0,1.0,1.0,0.0,0.0
587,0.0,0.5,0.8958333333333334,0.0,0.0,0.23076923076923078,0.0,1.0,0.0,0.0,1.0
589,0.0,1.0,0.375,0.0,0.0,0.12384615384615386,0.0,1.0,0.0,0.0,1.0
590,0.0,1.0,0.5353982843137254,0.0,0.0,0.12384615384615386,0.0,1.0,0.0,0.0,1.0
591,0.0,1.0,0.6458333333333334,0.0,0.0,0.10961538461538461,0.0,1.0,0.0,0.0,1.0
593,0.0,1.0,0.8958333333333334,0.0,0.0,0.11153846153846154,0.0,1.0,0.0,0.0,1.0
594,0.0,1.0,0.5353982843137254,0.0,0.3333333333333333,0.11923076923076924,1.0,0.0,0.0,1.0,0.0
595,0.0,0.5,0.6875,0.2,0.0,0.4,0.0,1.0,0.0,0.0,1.0
596,0.0,1.0,0.6666666666666666,0.2,0.16666666666666666,0.37153846153846154,0.0,1.0,0.0,0.0,1.0
597,1.0,0.5,0.5353982843137254,0.0,0.0,0.5076923076923077,1.0,0.0,0.0,0.0,1.0
598,0.0,1.0,0.9375,0.0,0.0,0.0,0.0,1.0,0.0,0.0,1.0
599,0.0,1.0,0.5353982843137254,0.0,0.0,0.11115384615384614,0.0,1.0,1.0,0.0,0.0
600,1.0,0.0,0.9375,0.2,0.0,0.8758338461538462,0.0,1.0,1.0,0.0,0.0
601,1.0,0.5,0.4166666666666667,0.4,0.16666666666666666,0.4153846153846154,1.0,0.0,0.0,0.0,1.0
602,0.0,1.0,0.5353982843137254,0.0,0.0,0.12147384615384615,0.0,1.0,0.0,0.0,1.0
603,0.0,0.0,0.5353982843137254,0.0,0.0,0.6523076923076923,0.0,1.0,0.0,0.0,1.0
604,0.0,1.0,0.8333333333333334,0.0,0.0,0.12384615384615386,0.0,1.0,0.0,0.0,1.0
605,1.0,0.0,0.6458333333333334,0.0,0.0,0.4084615384615385,0.0,1.0,1.0,0.0,0.0
606,0.0,1.0,0.6666666666666666,0.2,0.0,0.23923076923076925,0.0,1.0,0.0,0.0,1.0
607,0.0,1.0,0.5416666666666666,0.0,0.0,0.12147384615384615,0.0,1.0,0.0,0.0,1.0
608,1.0,0.0,0.4791666666666667,0.0,0.0,0.46923076923076923,0.0,1.0,0.0,0.0,1.0
609,1.0,0.5,0.375,0.2,0.3333333333333333,0.63968,1.0,0.0,1.0,0.0,0.0
611,0.0,1.0,0.7291666666666666,0.2,0.8333333333333334,0.48115384615384615,1.0,0.0,0.0,0.0,1.0
612,0.0,1.0,0.5353982843137254,0.0,0.0,0.10846153846153846,0.0,1.0,0.0,0.0,1.0
613,1.0,1.0,0.5353982843137254,0.2,0.0,0.23846153846153847,1.0,0.0,0.0,1.0,0.0
614,0.0,1.0,0.5353982843137254,0.0,0.0,0.11923076923076924,0.0,1.0,0.0,1.0,0.0
615,0.0,1.0,0.6458333333333334,0.0,0.0,0.12384615384615386,0.0,1.0,0.0,0.0,1.0
616,1.0,0.5,0.4166666666666667,0.2,0.3333333333333333,1.0,1.0,0.0,0.0,0.0,1.0
617,0.0,1.0,0.625,0.2,0.16666666666666666,0.22153846153846155,0.0,1.0,0.0,0.0,1.0
618,0.0,1.0,0.4583333333333333,0.2,0.0,0.2476923076923077,1.0,0.0,0.0,0.0,1.0
619,1.0,0.5,0.0,0.4,0.16666666666666666,0.6,1.0,0.0,0.0,0.0,1.0
620,0.0,0.5,0.4583333333333333,0.0,0.0,0.16153846153846155,0.0,1.0,0.0,0.0,1.0
621,0.0,1.0,0.4791666666666667,0.2,0.0,0.2223723076923077,0.0,1.0,1.0,0.0,0.0
622,1.0,0.0,0.7916666666666666,0.2,0.0,0.8085261538461539,0.0,1.0,0.0,0.0,1.0
623,1.0,1.0,0.3333333333333333,0.2,0.16666666666666666,0.24218,0.0,1.0,1.0,0.0,0.0
624,0.0,1.0,0.3541666666666667,0.0,0.0,0.12083384615384615,0.0,1.0,0.0,0.0,1.0
625,0.0,1.0,0.3541666666666667,0.0,0.0,0.2476923076923077,0.0,1.0,0.0,0.0,1.0
629,0.0,1.0,0.4583333333333333,0.0,0.0,0.12147384615384615,0.0,1.0,0.0,0.0,1.0
630,0.0,1.0,0.5353982843137254,0.0,0.0,0.11897384615384615,0.0,1.0,0.0,1.0,0.0
632,0.0,1.0,0.9791666666666666,0.0,0.0,0.10852615384615384,0.0,1.0,0.0,0.0,1.0
633,1.0,0.0,0.5833333333333334,0.0,0.0,0.46923076923076923,0.0,1.0,1.0,0.0,0.0
634,0.0,0.0,0.5353982843137254,0.0,0.0,0.0,0.0,1.0,0.0,0.0,1.0
635,0.0,1.0,0.10416666666666667,0.6,0.3333333333333333,0.4292307692307692,1.0,0.0,0.0,0.0,1.0
636,1.0,0.5,0.5,0.0,0.0,0.2,1.0,0.0,0.0,0.0,1.0
637,0.0,1.0,0.5833333333333334,0.0,0.0,0.12192307692307693,0.0,1.0,0.0,0.0,1.0
638,0.0,0.5,0.5625,0.2,0.16666666666666666,0.40384615384615385,0.0,1.0,0.0,0.0,1.0
639,0.0,1.0,0.7708333333333334,0.0,0.8333333333333334,0.6105769230769231,1.0,0.0,0.0,0.0,1.0
640,0.0,1.0,0.5353982843137254,0.2,0.0,0.2476923076923077,0.0,1.0,0.0,0.0,1.0
641,0.0,1.0,0.3333333333333333,0.0,0.0,0.12083384615384615,0.0,1.0,0.0,0.0,1.0
644,1.0,1.0,0.5353982843137254,0.0,0.0,0.8691661538461539,0.0,1.0,0.0,0.0,1.0
647,0.0,1.0,0.3125,0.0,0.0,0.12147384615384615,0.0,1.0,0.0,0.0,1.0
649,0.0,1.0,0.5353982843137254,0.0,0.0,0.11615384615384615,0.0,1.0,0.0,0.0,1.0
650,1.0,1.0,0.3958333333333333,0.0,0.0,0.11615384615384615,1.0,0.0,0.0,0.0,1.0
651,0.0,1.0,0.5353982843137254,0.0,0.0,0.12147384615384615,0.0,1.0,0.0,0.0,1.0
652,1.0,0.5,0.2916666666666667,0.0,0.16666666666666666,0.35384615384615387,1.0,0.0,0.0,0.0,1.0
653,0.0,1.0,0.3541666666666667,0.0,0.0,0.1297430769230769,0.0,1.0,0.0,0.0,1.0
654,1.0,1.0,0.5353982843137254,0.0,0.0,0.12044923076923077,1.0,0.0,0.0,1.0,0.0
655,0.0,1.0,0.2916666666666667,0.0,0.0,0.10384615384615385,1.0,0.0,0.0,1.0,0.0
657,0.0,1.0,0.5353982843137254,0.0,0.0,0.12147384615384615,0.0,1.0,0.0,0.0,1.0
658,0.0,1.0,0.5833333333333334,0.2,0.16666666666666666,0.23846153846153847,1.0,0.0,0.0,1.0,0.0
659,0.0,0.5,0.3958333333333333,0.0,0.0,0.2,0.0,1.0,0.0,0.0,1.0
662,0.0,1.0,0.75,0.0,0.0,0.11115384615384614,0.0,1.0,1.0,0.0,0.0
663,0.0,0.0,0.8958333333333334,0.0,0.0,0.39365384615384613,0.0,1.0,0.0,0.0,1.0
664,0.0,1.0,0.6666666666666666,0.0,0.0,0.11532,0.0,1.0,0.0,0.0,1.0
665,1.0,1.0,0.3333333333333333,0.2,0.0,0.12192307692307693,0.0,1.0,0.0,0.0,1.0
667,0.0,0.5,0.4375,0.0,0.0,0.2,0.0,1.0,0.0,0.0,1.0
668,0.0,1.0,0.5353982843137254,0.0,0.0,0.11961538461538462,0.0,1.0,0.0,0.0,1.0
669,0.0,1.0,0.8125,0.0,0.0,0.12384615384615386,0.0,1.0,0.0,0.0,1.0
670,1.0,0.0,0.5353982843137254,0.2,0.0,0.8,1.0,0.0,0.0,0.0,1.0
671,1.0,0.5,0.75,0.2,0.16666666666666666,0.6,1.0,0.0,0.0,0.0,1.0
672,0.0,0.0,0.5625,0.2,0.0,0.8,0.0,1.0,0.0,0.0,1.0
674,1.0,0.5,0.5625,0.0,0.0,0.2,0.0,1.0,0.0,0.0,1.0
675,0.0,0.5,0.5353982843137254,0.0,0.0,0.0,0.0,1.0,0.0,0.0,1.0
676,0.0,1.0,0.2916666666666667,0.0,0.0,0.11961538461538462,0.0,1.0,0.0,0.0,1.0
677,0.0,1.0,0.4270833333333333,0.0,0.0,0.12384615384615386,0.0,1.0,0.0,0.0,1.0
678,1.0,1.0,0.2916666666666667,0.0,0.0,0.1514107692307692,1.0,0.0,0.0,0.0,1.0
679,0.0,1.0,0.8125,0.2,1.0,0.7215384615384615,1.0,0.0,0.0,0.0,1.0
681,0.0,1.0,0.5353982843137254,0.0,0.0,0.12519230769230769,1.0,0.0,0.0,1.0,0.0
683,0.0,1.0,0.3333333333333333,0.0,0.0,0.14192307692307693,0.0,1.0,0.0,0.0,1.0
684,0.0,1.0,0.20833333333333334,1.0,0.3333333333333333,0.7215384615384615,0.0,1.0,0.0,0.0,1.0
686,0.0,0.5,0.4375,0.2,0.3333333333333333,0.63968,0.0,1.0,1.0,0.0,0.0
687,0.0,1.0,0.20833333333333334,0.8,0.16666666666666666,0.6105769230769231,0.0,1.0,0.0,0.0,1.0
688,0.0,1.0,0.3125,0.0,0.0,0.15647384615384616,0.0,1.0,0.0,0.0,1.0
689,0.0,1.0,0.2916666666666667,0.0,0.0,0.11993538461538461,0.0,1.0,0.0,0.0,1.0
691,1.0,0.0,0.5625,0.2,0.0,0.8769230769230769,0.0,1.0,0.0,0.0,1.0
692,1.0,1.0,0.0,0.0,0.16666666666666666,0.20641076923076923,1.0,0.0,1.0,0.0,0.0
693,1.0,1.0,0.5353982843137254,0.0,0.0,0.8691661538461539,0.0,1.0,0.0,0.0,1.0
694,0.0,1.0,0.4375,0.0,0.0,0.11115384615384614,0.0,1.0,1.0,0.0,0.0
696,0.0,0.5,1.0,0.0,0.0,0.2076923076923077,0.0,1.0,0.0,0.0,1.0
697,0.0,1.0,0.8333333333333334,0.0,0.0,0.12384615384615386,0.0,1.0,0.0,0.0,1.0
698,1.0,1.0,0.5353982843137254,0.0,0.0,0.11897384615384615,1.0,0.0,0.0,1.0,0.0
700,0.0,1.0,0.7916666666666666,0.0,0.0,0.1176923076923077,0.0,1.0,0.0,0.0,1.0
702,1.0,0.0,0.6458333333333334,0.0,0.0,0.40442307692307694,0.0,1.0,0.0,0.0,1.0
703,0.0,1.0,0.2916666666666667,0.0,0.16666666666666666,0.2223723076923077,1.0,0.0,1.0,0.0,0.0
704,0.0,1.0,0.4375,0.0,0.0,0.11910307692307692,0.0,1.0,0.0,1.0,0.0
705,0.0,1.0,0.4583333333333333,0.2,0.0,0.12083384615384615,0.0,1.0,0.0,0.0,1.0
706,0.0,0.5,0.7291666666666666,0.0,0.0,0.4,0.0,1.0,0.0,0.0,1.0
707,1.0,0.5,0.8541666666666666,0.0,0.0,0.2076923076923077,1.0,0.0,0.0,0.0,1.0
708,1.0,0.0,0.7916666666666666,0.0,0.0,0.40442307692307694,0.0,1.0,0.0,0.0,1.0
710,1.0,1.0,0.5353982843137254,0.2,0.16666666666666666,0.23455076923076923,0.0,1.0,1.0,0.0,0.0
711,1.0,0.0,0.4166666666666667,0.0,0.0,0.7616030769230768,1.0,0.0,1.0,0.0,0.0
712,0.0,0.0,0.5353982843137254,0.0,0.0,0.4084615384615385,0.0,1.0,0.0,0.0,1.0
713,1.0,0.0,0.9166666666666666,0.2,0.0,0.8,0.0,1.0,0.0,0.0,1.0
714,0.0,1.0,0.5208333333333334,0.0,0.0,0.14589692307692306,0.0,1.0,0.0,0.0,1.0
715,0.0,0.5,1.0,0.0,0.0,0.2,0.0,1.0,0.0,0.0,1.0
716,0.0,1.0,0.3125,0.0,0.0,0.1176923076923077,0.0,1.0,0.0,0.0,1.0
718,1.0,0.5,0.4791666666666667,0.0,0.0,0.16153846153846155,1.0,0.0,0.0,0.0,1.0
719,0.0,1.0,0.5353982843137254,0.0,0.0,0.23846153846153847,0.0,1.0,0.0,1.0,0.0
720,0.0,1.0,0.6041666666666666,0.0,0.0,0.11961538461538462,0.0,1.0,0.0,0.0,1.0
721,1.0,0.5,0.041666666666666664,0.0,0.16666666666666666,0.5076923076923077,1.0,0.0,0.0,0.0,1.0
722,0.0,1.0,0.2708333333333333,0.2,0.0,0.10852615384615384,0.0,1.0,0.0,0.0,1.0
723,0.0,0.5,0.625,0.0,0.0,0.2,0.0,1.0,0.0,0.0,1.0
724,0.0,0.5,0.9583333333333334,0.0,0.0,0.2,0.0,1.0,0.0,0.0,1.0
725,1.0,0.0,0.4791666666666667,0.2,0.0,0.816923076923077,0.0,1.0,0.0,0.0,1.0
726,0.0,1.0,0.3333333333333333,0.0,0.0,0.13326923076923075,0.0,1.0,0.0,0.0,1.0
727,1.0,0.5,0.5416666666666666,0.6,0.0,0.3230769230769231,1.0,0.0,0.0,0.0,1.0
728,1.0,1.0,0.5353982843137254,0.0,0.0,0.11903846153846154,1.0,0.0,0.0,1.0,0.0
729,0.0,0.5,0.4375,0.2,0.0,0.4,0.0,1.0,0.0,0.0,1.0
730,0.0,1.0,0.4375,0.2,0.0,0.12192307692307693,1.0,0.0,0.0,0.0,1.0
732,0.0,1.0,0.14583333333333334,0.0,0.0,0.2890384615384616,0.0,1.0,1.0,0.0,0.0
733,0.0,0.5,0.5353982843137254,0.0,0.0,0.0,0.0,1.0,0.0,0.0,1.0
734,0.0,0.5,0.3958333333333333,0.0,0.0,0.2,0.0,1.0,0.0,0.0,1.0
735,0.0,0.5,0.3958333333333333,0.0,0.0,0.2,0.0,1.0,0.0,0.0,1.0
736,0.0,1.0,0.5104166666666666,0.0,0.0,0.2476923076923077,0.0,1.0,0.0,0.0,1.0
737,0.0,1.0,0.9166666666666666,0.2,0.5,0.5288461538461539,1.0,0.0,0.0,0.0,1.0
739,0.0,1.0,0.5353982843137254,0.0,0.0,0.12147384615384615,0.0,1.0,0.0,0.0,1.0
740,0.0,1.0,0.5353982843137254,0.0,0.0,0.12147384615384615,0.0,1.0,0.0,0.0,1.0
741,1.0,0.0,0.5353982843137254,0.0,0.0,0.46153846153846156,0.0,1.0,0.0,0.0,1.0
744,0.0,1.0,0.4166666666666667,0.2,0.0,0.2476923076923077,0.0,1.0,0.0,0.0,1.0
745,1.0,1.0,0.5625,0.0,0.0,0.12192307692307693,0.0,1.0,0.0,0.0,1.0
747,0.0,1.0,0.25,0.2,0.16666666666666666,0.31153846153846154,0.0,1.0,0.0,0.0,1.0
748,1.0,0.5,0.5416666666666666,0.0,0.0,0.2,1.0,0.0,0.0,0.0,1.0
749,0.0,0.0,0.3125,0.2,0.0,0.816923076923077,0.0,1.0,0.0,0.0,1.0
750,0.0,1.0,0.5625,0.0,0.0,0.11923076923076924,0.0,1.0,0.0,1.0,0.0
751,1.0,0.5,0.0,0.2,0.16666666666666666,0.35384615384615387,1.0,0.0,0.0,0.0,1.0
752,1.0,1.0,0.041666666666666664,0.0,0.16666666666666666,0.19192307692307692,0.0,1.0,0.0,0.0,1.0
753,0.0,1.0,0.6041666666666666,0.0,0.0,0.14615384615384616,0.0,1.0,0.0,0.0,1.0
754,0.0,1.0,0.3958333333333333,0.0,0.0,0.12147384615384615,0.0,1.0,0.0,0.0,1.0
755,1.0,0.5,0.9166666666666666,0.2,0.3333333333333333,1.0,1.0,0.0,0.0,0.0,1.0
757,0.0,1.0,0.5,0.0,0.0,0.11993538461538461,0.0,1.0,0.0,0.0,1.0
758,0.0,0.5,0.2916666666666667,0.0,0.0,0.17692307692307693,0.0,1.0,0.0,0.0,1.0
759,0.0,1.0,0.625,0.0,0.0,0.12384615384615386,0.0,1.0,0.0,0.0,1.0
761,0.0,1.0,0.5353982843137254,0.0,0.0,0.2230769230769231,0.0,1.0,0.0,0.0,1.0
762,0.0,1.0,0.7708333333333334,0.0,0.0,0.10961538461538461,0.0,1.0,0.0,0.0,1.0
763,1.0,1.0,0.3333333333333333,0.0,0.0,0.11121846153846153,0.0,1.0,1.0,0.0,0.0
765,0.0,1.0,0.25,0.0,0.0,0.11961538461538462,0.0,1.0,0.0,0.0,1.0
767,0.0,0.0,0.5353982843137254,0.0,0.0,0.6092307692307692,0.0,1.0,1.0,0.0,0.0
768,0.0,1.0,0.5520833333333334,0.0,0.0,0.11923076923076924,1.0,0.0,0.0,1.0,0.0
769,0.0,1.0,0.5353982843137254,0.2,0.0,0.37153846153846154,0.0,1.0,0.0,1.0,0.0
770,0.0,1.0,0.5833333333333334,0.0,0.0,0.12865384615384617,0.0,1.0,0.0,0.0,1.0
771,0.0,1.0,0.4166666666666667,0.0,0.0,0.14615384615384616,0.0,1.0,0.0,0.0,1.0
772,0.0,1.0,0.9166666666666666,0.0,0.0,0.12083384615384615,0.0,1.0,0.0,0.0,1.0
774,0.0,1.0,0.5353982843137254,0.0,0.0,0.11115384615384614,0.0,1.0,1.0,0.0,0.0
776,0.0,1.0,0.2916666666666667,0.0,0.0,0.11923076923076924,0.0,1.0,0.0,0.0,1.0
777,0.0,1.0,0.5353982843137254,0.0,0.0,0.11923076923076924,0.0,1.0,0.0,1.0,0.0
778,1.0,1.0,0.020833333333333332,0.0,0.0,0.19192307692307692,1.0,0.0,0.0,0.0,1.0
779,0.0,1.0,0.5353982843137254,0.0,0.0,0.11903846153846154,0.0,1.0,0.0,1.0,0.0
781,1.0,1.0,0.1875,0.0,0.0,0.11121846153846153,1.0,0.0,1.0,0.0,0.0
782,1.0,0.0,0.2708333333333333,0.2,0.0,0.8769230769230769,1.0,0.0,0.0,0.0,1.0
783,0.0,0.0,0.5208333333333334,0.0,0.0,0.46153846153846156,0.0,1.0,0.0,0.0,1.0
784,0.0,1.0,0.5353982843137254,0.2,0.3333333333333333,0.36076923076923073,0.0,1.0,0.0,0.0,1.0
785,0.0,1.0,0.4375,0.0,0.0,0.10846153846153846,0.0,1.0,0.0,0.0,1.0
786,0.0,1.0,0.4375,0.0,0.0,0.11153846153846154,0.0,1.0,0.0,0.0,1.0
787,1.0,1.0,0.2916666666666667,0.0,0.0,0.11532,1.0,0.0,0.0,0.0,1.0
788,0.0,1.0,0.08333333333333333,0.8,0.16666666666666666,0.4480769230769231,0.0,1.0,0.0,1.0,0.0
791,0.0,1.0,0.5353982843137254,0.0,0.0,0.11923076923076924,0.0,1.0,0.0,1.0,0.0
792,0.0,0.5,0.25,0.0,0.0,0.4,0.0,1.0,0.0,0.0,1.0
794,0.0,0.0,0.5353982843137254,0.0,0.0,0.4722430769230769,0.0,1.0,1.0,0.0,0.0
795,0.0,1.0,0.4375,0.0,0.0,0.12147384615384615,0.0,1.0,0.0,0.0,1.0
796,0.0,0.5,0.7291666666666666,0.0,0.0,0.2,0.0,1.0,0.0,0.0,1.0
797,1.0,0.0,0.9375,0.0,0.0,0.39891076923076924,1.0,0.0,0.0,0.0,1.0
798,1.0,1.0,0.5625,0.0,0.0,0.13358923076923077,1.0,0.0,0.0,0.0,1.0
799,0.0,1.0,0.5416666666666666,0.0,0.0,0.11121846153846153,0.0,1.0,1.0,0.0,0.0
800,0.0,1.0,0.5416666666666666,0.2,0.16666666666666666,0.37153846153846154,1.0,0.0,0.0,0.0,1.0
801,0.0,0.5,0.625,0.0,0.0,0.2,0.0,1.0,0.0,0.0,1.0
802,1.0,0.5,0.5625,0.2,0.16666666666666666,0.40384615384615385,1.0,0.0,0.0,0.0,1.0
805,1.0,1.0,0.4791666666666667,0.0,0.0,0.1073076923076923,0.0,1.0,0.0,0.0,1.0
806,0.0,1.0,0.5625,0.0,0.0,0.11961538461538462,0.0,1.0,0.0,0.0,1.0
807,0.0,0.0,0.7291666666666666,0.0,0.0,0.0,0.0,1.0,0.0,0.0,1.0
808,0.0,1.0,0.2916666666666667,0.0,0.0,0.11961538461538462,1.0,0.0,0.0,0.0,1.0
809,0.0,0.5,0.7291666666666666,0.0,0.0,0.2,0.0,1.0,0.0,0.0,1.0
810,1.0,0.0,0.6041666666666666,0.2,0.0,0.816923076923077,1.0,0.0,0.0,0.0,1.0
811,0.0,1.0,0.4583333333333333,0.0,0.0,0.12134615384615385,0.0,1.0,0.0,0.0,1.0
812,0.0,1.0,0.7291666666666666,0.0,0.0,0.37153846153846154,0.0,1.0,0.0,0.0,1.0
813,0.0,0.5,0.6458333333333334,0.0,0.0,0.16153846153846155,0.0,1.0,0.0,0.0,1.0
814,0.0,1.0,0.041666666666666664,0.8,0.3333333333333333,0.48115384615384615,1.0,0.0,0.0,0.0,1.0
815,0.0,1.0,0.5520833333333334,0.0,0.0,0.12384615384615386,0.0,1.0,0.0,0.0,1.0
816,0.0,0.0,0.5353982843137254,0.0,0.0,0.0,0.0,1.0,0.0,0.0,1.0
817,0.0,1.0,0.3958333333333333,0.0,0.0,0.12192307692307693,1.0,0.0,0.0,0.0,1.0
818,0.0,0.5,0.5625,0.2,0.16666666666666666,0.5692953846153845,0.0,1.0,1.0,0.0,0.0
819,0.0,1.0,0.8125,0.0,0.0,0.09923076923076923,0.0,1.0,0.0,0.0,1.0
820,0.0,1.0,0.125,0.6,0.3333333333333333,0.4292307692307692,0.0,1.0,0.0,0.0,1.0
822,1.0,1.0,0.4791666666666667,0.0,0.0,0.13326923076923075,0.0,1.0,0.0,0.0,1.0
823,0.0,0.0,0.7083333333333334,0.0,0.0,0.0,0.0,1.0,0.0,0.0,1.0
824,1.0,1.0,0.4791666666666667,0.0,0.16666666666666666,0.19192307692307692,1.0,0.0,0.0,0.0,1.0
826,0.0,1.0,0.5353982843137254,0.0,0.0,0.10692307692307693,0.0,1.0,0.0,1.0,0.0
827,0.0,1.0,0.5353982843137254,0.0,0.0,0.8691661538461539,0.0,1.0,0.0,0.0,1.0
829,1.0,1.0,0.5353982843137254,0.0,0.0,0.11923076923076924,0.0,1.0,0.0,1.0,0.0
831,1.0,1.0,0.22916666666666666,0.2,0.0,0.2223723076923077,1.0,0.0,1.0,0.0,0.0
833,0.0,1.0,0.5353982843137254,0.0,0.0,0.11121846153846153,0.0,1.0,1.0,0.0,0.0
834,0.0,1.0,0.3958333333333333,0.0,0.0,0.12083384615384615,0.0,1.0,0.0,0.0,1.0
835,0.0,1.0,0.2916666666666667,0.0,0.0,0.12769230769230772,0.0,1.0,0.0,0.0,1.0
837,0.0,1.0,0.3541666666666667,0.0,0.0,0.13326923076923075,0.0,1.0,0.0,0.0,1.0
838,0.0,1.0,0.5353982843137254,0.0,0.0,0.12384615384615386,0.0,1.0,0.0,0.0,1.0
839,1.0,1.0,0.5833333333333334,0.0,0.0,0.8691661538461539,0.0,1.0,0.0,0.0,1.0
840,1.0,0.0,0.5353982843137254,0.0,0.0,0.45692307692307693,0.0,1.0,1.0,0.0,0.0
841,0.0,1.0,0.3333333333333333,0.0,0.0,0.12192307692307693,0.0,1.0,0.0,0.0,1.0
842,0.0,0.5,0.25,0.0,0.0,0.16153846153846155,0.0,1.0,0.0,0.0,1.0
843,1.0,0.0,0.5416666666666666,0.0,0.0,0.47692307692307695,1.0,0.0,1.0,0.0,0.0
844,0.0,1.0,0.6354166666666666,0.0,0.0,0.09903846153846153,0.0,1.0,1.0,0.0,0.0
845,0.0,1.0,0.2708333333333333,0.0,0.0,0.13326923076923075,0.0,1.0,0.0,0.0,1.0
846,0.0,1.0,0.7916666666666666,0.0,0.0,0.11615384615384615,0.0,1.0,0.0,0.0,1.0
848,0.0,1.0,0.6458333333333334,0.0,0.0,0.12147384615384615,0.0,1.0,1.0,0.0,0.0
849,0.0,0.5,0.5,0.0,0.16666666666666666,0.5076923076923077,0.0,1.0,0.0,0.0,1.0
851,0.0,1.0,0.0,0.8,0.3333333333333333,0.48115384615384615,0.0,1.0,0.0,0.0,1.0
853,0.0,1.0,0.10416666666666667,0.2,0.16666666666666666,0.23455076923076923,1.0,0.0,1.0,0.0,0.0
854,1.0,0.0,0.25,0.0,0.16666666666666666,0.6061538461538462,1.0,0.0,0.0,0.0,1.0
855,0.0,0.5,0.8333333333333334,0.2,0.0,0.4,1.0,0.0,0.0,0.0,1.0
856,1.0,1.0,0.2916666666666667,0.0,0.16666666666666666,0.14384615384615385,1.0,0.0,0.0,0.0,1.0
858,1.0,0.0,0.9791666666666666,0.0,0.0,0.4084615384615385,0.0,1.0,0.0,0.0,1.0
859,1.0,1.0,0.4166666666666667,0.0,0.5,0.29628153846153843,1.0,0.0,1.0,0.0,0.0
860,0.0,1.0,0.5353982843137254,0.0,0.0,0.11121846153846153,0.0,1.0,1.0,0.0,0.0
861,0.0,1.0,0.7708333333333334,0.4,0.0,0.21705076923076924,0.0,1.0,0.0,0.0,1.0
862,0.0,0.5,0.3541666666666667,0.2,0.0,0.17692307692307693,0.0,1.0,0.0,0.0,1.0
863,1.0,0.0,0.9166666666666666,0.0,0.0,0.39891076923076924,1.0,0.0,0.0,0.0,1.0
865,0.0,0.5,0.4166666666666667,0.0,0.0,0.2,0.0,1.0,0.0,0.0,1.0
866,1.0,0.5,0.7916666666666666,0.0,0.0,0.2,1.0,0.0,0.0,0.0,1.0
867,1.0,0.5,0.4791666666666667,0.2,0.0,0.21320461538461538,1.0,0.0,1.0,0.0,0.0
868,0.0,0.0,0.5625,0.0,0.0,0.7768584615384616,0.0,1.0,0.0,0.0,1.0
869,0.0,1.0,0.5353982843137254,0.0,0.0,0.14615384615384616,0.0,1.0,0.0,0.0,1.0
870,1.0,1.0,0.0,0.2,0.16666666666666666,0.17128153846153846,0.0,1.0,0.0,0.0,1.0
871,0.0,1.0,0.4583333333333333,0.0,0.0,0.12147384615384615,0.0,1.0,0.0,0.0,1.0
872,1.0,0.0,0.8958333333333334,0.2,0.16666666666666666,0.8085261538461539,1.0,0.0,0.0,0.0,1.0
873,0.0,0.0,0.6041666666666666,0.0,0.0,0.07692307692307693,0.0,1.0,0.0,0.0,1.0
874,0.0,1.0,0.8958333333333334,0.0,0.0,0.13846153846153847,0.0,1.0,0.0,0.0,1.0
875,1.0,0.5,0.5,0.2,0.0,0.36923076923076925,1.0,0.0,1.0,0.0,0.0
876,1.0,1.0,0.22916666666666666,0.0,0.0,0.11115384615384614,1.0,0.0,1.0,0.0,0.0
877,0.0,1.0,0.3333333333333333,0.0,0.0,0.15147384615384615,0.0,1.0,0.0,0.0,1.0
878,0.0,1.0,0.3125,0.0,0.0,0.12147384615384615,0.0,1.0,0.0,0.0,1.0
879,0.0,1.0,0.5353982843137254,0.0,0.0,0.12147384615384615,0.0,1.0,0.0,0.0,1.0
881,1.0,0.5,0.4375,0.0,0.16666666666666666,0.4,1.0,0.0,0.0,0.0,1.0
882,0.0,1.0,0.6041666666666666,0.0,0.0,0.12147384615384615,0.0,1.0,0.0,0.0,1.0
883,0.0,1.0,0.375,0.0,0.0,0.16179538461538462,1.0,0.0,0.0,0.0,1.0
884,0.0,0.5,0.5,0.0,0.0,0.16153846153846155,0.0,1.0,0.0,0.0,1.0
885,0.0,1.0,0.4375,0.0,0.0,0.10846153846153846,0.0,1.0,0.0,0.0,1.0
886,0.0,1.0,0.7291666666666666,0.0,0.8333333333333334,0.4480769230769231,1.0,0.0,0.0,1.0,0.0
887,0.0,0.5,0.4791666666666667,0.0,0.0,0.2,0.0,1.0,0.0,0.0,1.0
888,1.0,0.0,0.3125,0.0,0.0,0.46153846153846156,1.0,0.0,0.0,0.0,1.0
889,0.0,1.0,0.5353982843137254,0.2,0.3333333333333333,0.36076923076923073,1.0,0.0,0.0,0.0,1.0
890,1.0,0.0,0.4583333333333333,0.0,0.0,0.46153846153846156,0.0,1.0,1.0,0.0,0.0
891,0.0,1.0,0.5833333333333334,0.0,0.0,0.11923076923076924,0.0,1.0,0.0,1.0,0.0
